<?xml version="1.0" encoding="utf-8"?>
<extension version="2.5.0" type="plugin" method="upgrade" group="jshoppingproducts">
	<name>JoomShopping Social Share</name>
	<creationDate>12.10.2012</creationDate>
	<version>4.1.0</version>
	<author>MAXXmarketing GmbH</author>
	<authorEmail>support@webdesigner-profi.de</authorEmail>
	<authorUrl></authorUrl>
	<copyright>MAXXmarketing GmbH</copyright>
	<license>MAXXmarketing GmbH</license>
	<description>
        JOOMSHOPPING_SOCIAL_SHARE_DESCRIPTION
    </description>
	<files>
		<filename plugin="jsocial_share">jsocial_share.php</filename>
		<filename>jsocial_share.css</filename>
	</files>
    <languages>
        <language tag="en-GB">en-GB.plg_jshoppingproducts_jsocial_share.ini</language>
    </languages>
    <config>
    <fields name="params">
            <fieldset name="basic">
                <field name="facebookLikeButton" type="radio" default="1" label="PLG_JOOMSHOPPING_SOCIAL_SHARE_FB_LIKE_BUTTON" description="PLG_JOOMSHOPPING_SOCIAL_SHARE_FB_LIKE_BUTTON_DESC" >
                   <option value="0">PLG_JOOMSHOPPING_SOCIAL_SHARE_HIDE</option>
                   <option value="1">PLG_JOOMSHOPPING_SOCIAL_SHARE_SHOW</option>
                </field>
                <field name="facebookShareButton" type="radio" default="1" label="PLG_JOOMSHOPPING_SOCIAL_SHARE_FB_SHARE_BUTTON" description="PLG_JOOMSHOPPING_SOCIAL_SHARE_FB_SHARE_BUTTON_DESC" >
                   <option value="0">PLG_JOOMSHOPPING_SOCIAL_SHARE_HIDE</option>
                   <option value="1">PLG_JOOMSHOPPING_SOCIAL_SHARE_SHOW</option>
                </field>
				<field name="twitterButton" type="radio" default="1" label="PLG_JOOMSHOPPING_SOCIAL_SHARE_TWITTER_BUTTON" description="PLG_JOOMSHOPPING_SOCIAL_SHARE_TWITTER_BUTTON_DESC" >
                   <option value="0">PLG_JOOMSHOPPING_SOCIAL_SHARE_HIDE</option>
                   <option value="1">PLG_JOOMSHOPPING_SOCIAL_SHARE_SHOW</option>
                </field>
                <field name="plusButton" type="radio" default="1" label="PLG_JOOMSHOPPING_SOCIAL_SHARE_GOOGLE_PLUSONE_BUTTON" description="PLG_JOOMSHOPPING_SOCIAL_SHARE_GOOGLE_PLUSONE_BUTTON_DESC" >
                   <option value="0">PLG_JOOMSHOPPING_SOCIAL_SHARE_HIDE</option>
                   <option value="1">PLG_JOOMSHOPPING_SOCIAL_SHARE_SHOW</option>
                </field>
				<field name="pinterestButton" type="radio" default="1" label="PLG_JOOMSHOPPING_SOCIAL_PINTEREST_BUTTON" description="PLG_JOOMSHOPPING_SOCIAL_PINTEREST_BUTTON_DESC" >
                   <option value="0">PLG_JOOMSHOPPING_SOCIAL_SHARE_HIDE</option>
                   <option value="1">PLG_JOOMSHOPPING_SOCIAL_SHARE_SHOW</option>
                </field>
                <field name="vkShareButton" type="radio" default="1" label="PLG_JOOMSHOPPING_SOCIAL_VK_BUTTON" description="PLG_JOOMSHOPPING_SOCIAL_VK_BUTTON_DESC" >
                   <option value="0">PLG_JOOMSHOPPING_SOCIAL_SHARE_HIDE</option>
                   <option value="1">PLG_JOOMSHOPPING_SOCIAL_SHARE_SHOW</option>
                </field>
                <field name="position" type="list" default="2" label="PLG_JOOMSHOPPING_SOCIAL_SHARE_POSITION" description="PLG_JOOMSHOPPING_SOCIAL_SHARE_POSITION_DESC">
                   <option value="1">PLG_JOOMSHOPPING_SOCIAL_SHARE_TOP</option>
                   <option value="2">PLG_JOOMSHOPPING_SOCIAL_SHARE_MIDDLE</option>
                   <option value="3">PLG_JOOMSHOPPING_SOCIAL_SHARE_BOTTOM</option>
                </field>
                <field name="facebookLikeButtonSpacer" type="spacer" class="text" label="PLG_JOOMSHOPPING_SOCIAL_SHARE_FB_LIKE_TITLE" /> 

                <field name="facebookLikeRenderer" type="list" default="1" label="PLG_JOOMSHOPPING_SOCIAL_SHARE_FB_LIKE_RENDERER" description="PLG_JOOMSHOPPING_SOCIAL_SHARE_FB_LIKE_RENDERER_DESC" >
                   <option value="0">IFRAME</option>
                   <option value="1">XFBML</option>
                   <option value="2">HTML5</option>
                </field>
                <field name="facebookSendButton" type="radio" default="false" label="PLG_JOOMSHOPPING_SOCIAL_SHARE_FB_LIKE_SEND_BUTTON" description="PLG_JOOMSHOPPING_SOCIAL_SHARE_FB_LIKE_SEND_BUTTON_DESC" >
                    <option value="false">PLG_JOOMSHOPPING_SOCIAL_SHARE_HIDE</option>
                    <option value="true">PLG_JOOMSHOPPING_SOCIAL_SHARE_SHOW</option> 
                </field>
                <field name="facebookLayoutStyle" type="list" default="button_count" label="PLG_JOOMSHOPPING_SOCIAL_SHARE_FB_LIKE_TYPE" description="PLG_JOOMSHOPPING_SOCIAL_SHARE_FB_LIKE_TYPE_DESC" >
                    <option value="standard">PLG_JOOMSHOPPING_SOCIAL_SHARE_FB_LIKE_STANDARD</option>
                   <option value="box_count">PLG_JOOMSHOPPING_SOCIAL_SHARE_FB_LIKE_BOX_COUNT</option>
                   <option value="button_count">PLG_JOOMSHOPPING_SOCIAL_SHARE_FB_LIKE_BUTTON_COUNT</option>
                </field>
                <field name="facebookLikeWidth" type="text" default="100" label="PLG_JOOMSHOPPING_SOCIAL_SHARE_FB_LIKE_WIDTH" description="PLG_JOOMSHOPPING_SOCIAL_SHARE_FB_LIKE_WIDTH_DESC" />
                <field name="facebookShowFaces" type="radio" default="false" label="PLG_JOOMSHOPPING_SOCIAL_SHARE_FB_LIKE_FACES" description="PLG_JOOMSHOPPING_SOCIAL_SHARE_FB_LIKE_FACES_DESC" >
                   <option value="false">PLG_JOOMSHOPPING_SOCIAL_SHARE_HIDE</option>
                   <option value="true">PLG_JOOMSHOPPING_SOCIAL_SHARE_SHOW</option>
                </field>
                <field name="facebookVerbToDisplay" type="list" default="like" label="PLG_JOOMSHOPPING_SOCIAL_SHARE_FB_LIKE_BUTTON_TEXT" description="PLG_JOOMSHOPPING_SOCIAL_SHARE_FB_LIKE_BUTTON_TEXT_DESC" >
                   <option value="like">PLG_JOOMSHOPPING_SOCIAL_SHARE_FB_LIKE_LIKE</option>
                   <option value="recommend">PLG_JOOMSHOPPING_SOCIAL_SHARE_FB_LIKE_RECOMMEND</option>
                </field>
                <field name="facebookColorScheme" type="list" default="light" label="PLG_JOOMSHOPPING_SOCIAL_SHARE_FB_LIKE_COLOR" description="PLG_JOOMSHOPPING_SOCIAL_SHARE_FB_LIKE_COLOR_DESC" >
                   <option value="light">PLG_JOOMSHOPPING_SOCIAL_SHARE_FB_LIKE_LIGHT</option>
                   <option value="dark">PLG_JOOMSHOPPING_SOCIAL_SHARE_FB_LIKE_DARK</option>
                </field>
                <field name="facebookLikeFont" type="list" default="arial" label="PLG_JOOMSHOPPING_SOCIAL_SHARE_FB_LIKE_FONT" description="PLG_JOOMSHOPPING_SOCIAL_SHARE_FB_LIKE_FONT_DESC" >
                    <option value="arial">Arial</option>
                    <option value="lucida grande">Lucida Grande</option>
                    <option value="segoe ui">Segoe UI</option>
                    <option value="tahoma">Tahoma</option>
                    <option value="trebuchet ms">Trebuchet ms</option>
                    <option value="verdana">Verdana</option>
                </field>
                <field name="facebookDynamicLocale" type="radio" default="1" label="PLG_JOOMSHOPPING_SOCIAL_SHARE_FB_LIKE_AUTO_LANGUAGE" description="PLG_JOOMSHOPPING_SOCIAL_SHARE_FB_LIKE_AUTO_LANGUAGE_DESC">
                    <option value="0">PLG_JOOMSHOPPING_SOCIAL_SHARE_NO</option>
                    <option value="1">PLG_JOOMSHOPPING_SOCIAL_SHARE_YES</option>
                </field>
                <field name="facebookLocale" type="list" default="en_US" label="PLG_JOOMSHOPPING_SOCIAL_SHARE_FB_LIKE_LANGUAGE" description="PLG_JOOMSHOPPING_SOCIAL_SHARE_FB_LIKE_LANGUAGE_DESC">
                    <option value="af_ZA">Afrikaans</option>
                    <option value="ar_AR">Arabic</option>
                    <option value="ay_BO">Aymara</option>
                    <option value="az_AZ">Azeri</option>
                    <option value="be_BY">Belarusian</option>
                    <option value="bg_BG">Bulgarian</option>
                    <option value="bn_IN">Bengali</option>
                    <option value="bs_BA">Bosnian</option>
                    <option value="ca_ES">Catalan</option>
                    <option value="ck_US">Cherokee</option>
                    <option value="cs_CZ">Czech</option>
                    <option value="cy_GB">Welsh</option>
                    <option value="da_DK">Danish</option>
                    <option value="de_DE">German</option>
                    <option value="el_GR">Greek</option>
                    <option value="en_GB">English (UK)</option>
                    <option value="en_PI">English (Pirate)</option>
                    <option value="en_UD">English (Upside Down)</option>
                    <option value="en_US">English [US]</option>
                    <option value="eo_EO">Esperanto</option>
                    <option value="es_CL">Spanish (Chile)</option>
                    <option value="es_CO">Spanish (Colombia)</option>
                    <option value="es_ES">Spanish (Spain)</option>
                    <option value="es_LA">Spanish</option>
                    <option value="es_MX">Spanish (Mexico)</option>
                    <option value="es_VE">Spanish (Mexico)</option>
                    <option value="et_EE">Estonian</option>
                    <option value="eu_ES">Basque</option>
                    <option value="fa_IR">Persian</option>
                    <option value="fb_LT">Leet Speak</option>
                    <option value="fi_FI">Finnish</option>
                    <option value="fo_FO">Faroese</option>
                    <option value="fr_CA">French (Canada)</option>
                    <option value="fr_FR">French (France)</option>
                    <option value="ga_IE">Irish</option>
                    <option value="gl_ES">Galician</option>
                    <option value="gn_PY">Guarani</option>
                    <option value="gu_IN">Gujarati</option>
                    <option value="he_IL">Hebrew</option>
                    <option value="hi_IN">Hindi</option>
                    <option value="hr_HR">Croatian</option>
                    <option value="hu_HU">Hungarian</option>
                    <option value="hy_AM">Armenian</option>
                    <option value="id_ID">Indonesian</option>
                    <option value="is_IS">Icelandic</option>
                    <option value="it_IT">Italian</option>
                    <option value="ja_JP">Japanese</option>
                    <option value="jv_ID">Javanese</option>
                    <option value="ka_GE">Georgian</option>
                    <option value="kk_KZ">Kazakh</option>
                    <option value="km_KH">Khmer</option>
                    <option value="kn_IN">Kannada</option>
                    <option value="ko_KR">Korean</option>
                    <option value="ku_TR">Kurdish</option>
                    <option value="la_VA">Latin</option>
                    <option value="li_NL">Limburgish</option>
                    <option value="lt_LT">Lithuanian</option>
                    <option value="lv_LV">Latvian</option>
                    <option value="mg_MG">Malagasy</option>
                    <option value="mk_MK">Macedonian</option>
                    <option value="ml_IN">Malayalam</option>
                    <option value="mn_MN">Mongolian</option>
                    <option value="mr_IN">Marathi</option>
                    <option value="ms_MY">Malay</option>
                    <option value="mt_MT">Maltese</option>
                    <option value="nb_NO">Norwegian (bokmal)</option>
                    <option value="ne_NP">Nepali</option>
                    <option value="nl_BE">Dutch (Belgie)</option>
                    <option value="nl_NL">Dutch</option>
                    <option value="nn_NO">Norwegian (nynorsk)</option>
                    <option value="pa_IN">Punjabi</option>
                    <option value="pl_PL">Polish</option>
                    <option value="ps_AF">Pashto</option>
                    <option value="pt_BR">Portuguese (Brazil)</option>
                    <option value="pt_PT">Portuguese (Portugal)</option>
                    <option value="qu_PE">Quechua</option>
                    <option value="rm_CH">Romansh</option>
                    <option value="ro_RO">Romanian</option>
                    <option value="ru_RU">Russian</option>
                    <option value="sa_IN">Sanskrit</option>
                    <option value="se_NO">Northern Sami</option>
                    <option value="sk_SK">Slovak</option>
                    <option value="sl_SI">Slovenian</option>
                    <option value="so_SO">Somali</option>
                    <option value="sq_AL">Albanian</option>
                    <option value="sr_RS">Serbian</option>
                    <option value="sv_SE">Swedish</option>
                    <option value="sw_KE">Swahili</option>
                    <option value="sy_SY">Syriac</option>
                    <option value="ta_IN">Tamil</option>
                    <option value="te_IN">Telugu</option>
                    <option value="tg_TJ">Tajik</option>
                    <option value="th_TH">Thai</option>
                    <option value="tl_PH">Filipino</option>
                    <option value="tl_ST">Klingon</option>
                    <option value="tr_TR">Turkish</option>
                    <option value="tt_RU">Tatar</option>
                    <option value="uk_UA">Ukrainian</option>
                    <option value="ur_PK">Urdu</option>
                    <option value="uz_UZ">Uzbek</option>
                    <option value="vi_VN">Vietnamese</option>
                    <option value="xh_ZA">Xhosa</option>
                    <option value="yi_DE">Yiddish</option>
                    <option value="zh_CN">Simplified Chinese (China)</option>
                    <option value="zh_HK">Traditional Chinese (Hong Kong)</option>
                    <option value="zh_TW">Traditional Chinese (Taiwan)</option>
                    <option value="zu_ZA">Zulu</option>
                </field>
                <field name="facebookShareSpacer" type="spacer" class="text" label="PLG_JOOMSHOPPING_SOCIAL_SHARE_FB_SHARE_TITLE" /> 
                <field name="facebookLocaleShare" type="list" default="en_US" label="PLG_JOOMSHOPPING_SOCIAL_SHARE_FB_LIKE_LANGUAGE" description="PLG_JOOMSHOPPING_SOCIAL_SHARE_FB_LIKE_LANGUAGE_DESC">
                    <option value="af_ZA">Afrikaans</option>
                    <option value="ar_AR">Arabic</option>
                    <option value="ay_BO">Aymara</option>
                    <option value="az_AZ">Azeri</option>
                    <option value="be_BY">Belarusian</option>
                    <option value="bg_BG">Bulgarian</option>
                    <option value="bn_IN">Bengali</option>
                    <option value="bs_BA">Bosnian</option>
                    <option value="ca_ES">Catalan</option>
                    <option value="ck_US">Cherokee</option>
                    <option value="cs_CZ">Czech</option>
                    <option value="cy_GB">Welsh</option>
                    <option value="da_DK">Danish</option>
                    <option value="de_DE">German</option>
                    <option value="el_GR">Greek</option>
                    <option value="en_GB">English (UK)</option>
                    <option value="en_PI">English (Pirate)</option>
                    <option value="en_UD">English (Upside Down)</option>
                    <option value="en_US">English [US]</option>
                    <option value="eo_EO">Esperanto</option>
                    <option value="es_CL">Spanish (Chile)</option>
                    <option value="es_CO">Spanish (Colombia)</option>
                    <option value="es_ES">Spanish (Spain)</option>
                    <option value="es_LA">Spanish</option>
                    <option value="es_MX">Spanish (Mexico)</option>
                    <option value="es_VE">Spanish (Mexico)</option>
                    <option value="et_EE">Estonian</option>
                    <option value="eu_ES">Basque</option>
                    <option value="fa_IR">Persian</option>
                    <option value="fb_LT">Leet Speak</option>
                    <option value="fi_FI">Finnish</option>
                    <option value="fo_FO">Faroese</option>
                    <option value="fr_CA">French (Canada)</option>
                    <option value="fr_FR">French (France)</option>
                    <option value="ga_IE">Irish</option>
                    <option value="gl_ES">Galician</option>
                    <option value="gn_PY">Guarani</option>
                    <option value="gu_IN">Gujarati</option>
                    <option value="he_IL">Hebrew</option>
                    <option value="hi_IN">Hindi</option>
                    <option value="hr_HR">Croatian</option>
                    <option value="hu_HU">Hungarian</option>
                    <option value="hy_AM">Armenian</option>
                    <option value="id_ID">Indonesian</option>
                    <option value="is_IS">Icelandic</option>
                    <option value="it_IT">Italian</option>
                    <option value="ja_JP">Japanese</option>
                    <option value="jv_ID">Javanese</option>
                    <option value="ka_GE">Georgian</option>
                    <option value="kk_KZ">Kazakh</option>
                    <option value="km_KH">Khmer</option>
                    <option value="kn_IN">Kannada</option>
                    <option value="ko_KR">Korean</option>
                    <option value="ku_TR">Kurdish</option>
                    <option value="la_VA">Latin</option>
                    <option value="li_NL">Limburgish</option>
                    <option value="lt_LT">Lithuanian</option>
                    <option value="lv_LV">Latvian</option>
                    <option value="mg_MG">Malagasy</option>
                    <option value="mk_MK">Macedonian</option>
                    <option value="ml_IN">Malayalam</option>
                    <option value="mn_MN">Mongolian</option>
                    <option value="mr_IN">Marathi</option>
                    <option value="ms_MY">Malay</option>
                    <option value="mt_MT">Maltese</option>
                    <option value="nb_NO">Norwegian (bokmal)</option>
                    <option value="ne_NP">Nepali</option>
                    <option value="nl_BE">Dutch (Belgie)</option>
                    <option value="nl_NL">Dutch</option>
                    <option value="nn_NO">Norwegian (nynorsk)</option>
                    <option value="pa_IN">Punjabi</option>
                    <option value="pl_PL">Polish</option>
                    <option value="ps_AF">Pashto</option>
                    <option value="pt_BR">Portuguese (Brazil)</option>
                    <option value="pt_PT">Portuguese (Portugal)</option>
                    <option value="qu_PE">Quechua</option>
                    <option value="rm_CH">Romansh</option>
                    <option value="ro_RO">Romanian</option>
                    <option value="ru_RU">Russian</option>
                    <option value="sa_IN">Sanskrit</option>
                    <option value="se_NO">Northern Sami</option>
                    <option value="sk_SK">Slovak</option>
                    <option value="sl_SI">Slovenian</option>
                    <option value="so_SO">Somali</option>
                    <option value="sq_AL">Albanian</option>
                    <option value="sr_RS">Serbian</option>
                    <option value="sv_SE">Swedish</option>
                    <option value="sw_KE">Swahili</option>
                    <option value="sy_SY">Syriac</option>
                    <option value="ta_IN">Tamil</option>
                    <option value="te_IN">Telugu</option>
                    <option value="tg_TJ">Tajik</option>
                    <option value="th_TH">Thai</option>
                    <option value="tl_PH">Filipino</option>
                    <option value="tl_ST">Klingon</option>
                    <option value="tr_TR">Turkish</option>
                    <option value="tt_RU">Tatar</option>
                    <option value="uk_UA">Ukrainian</option>
                    <option value="ur_PK">Urdu</option>
                    <option value="uz_UZ">Uzbek</option>
                    <option value="vi_VN">Vietnamese</option>
                    <option value="xh_ZA">Xhosa</option>
                    <option value="yi_DE">Yiddish</option>
                    <option value="zh_CN">Simplified Chinese (China)</option>
                    <option value="zh_HK">Traditional Chinese (Hong Kong)</option>
                    <option value="zh_TW">Traditional Chinese (Taiwan)</option>
                    <option value="zu_ZA">Zulu</option>
                </field>
				
                <field name="twitterButtonSpacer" type="spacer" class="text" label="PLG_JOOMSHOPPING_SOCIAL_SHARE_TWITTER_TITLE" />
                <field name="twitterName" type="text" label="PLG_JOOMSHOPPING_SOCIAL_SHARE_TWITTER_NAME" description="PLG_JOOMSHOPPING_SOCIAL_SHARE_TWITTER_NAME_DESC" default=""></field>
                <field name="twitterLanguage" default="en" type="list" label="PLG_JOOMSHOPPING_SOCIAL_SHARE_FB_LIKE_LANGUAGE" description="PLG_JOOMSHOPPING_SOCIAL_SHARE_FB_LIKE_LANGUAGE">
                    <option value="en">English</option>
                    <option value="de">Deutsch</option>
                    <option value="ru">Russian</option>
                </field>
                <field name="plusOneSpacer" type="spacer" class="text" label="PLG_JOOMSHOPPING_SOCIAL_SHARE_GOOGLE_PLUSONE_TITLE" />
                <field name="html5syntax" type="radio" default="1" label="PLG_JOOMSHOPPING_SOCIAL_SHARE_GOOGLE_HTML5_SYNTAX" description="PLG_JOOMSHOPPING_SOCIAL_SHARE_GOOGLE_HTML5_SYNTAX_DESC" >
                   <option value="1">PLG_JOOMSHOPPING_SOCIAL_SHARE_YES</option>
                   <option value="0">PLG_JOOMSHOPPING_SOCIAL_SHARE_NO</option>
                </field>
                <field name="plusType" type="list" default="medium" label="PLG_JOOMSHOPPING_SOCIAL_SHARE_GOOGLE_PLUSONE_STYLE" description="PLG_JOOMSHOPPING_SOCIAL_SHARE_GOOGLE_PLUSONE_STYLE_DESC" >
                   <option value="small">PLG_JOOMSHOPPING_SOCIAL_SHARE_GOOGLE_PLUSONE_SMALL</option>
                   <option value="medium">PLG_JOOMSHOPPING_SOCIAL_SHARE_GOOGLE_PLUSONE_MEDIUM</option>
                   <option value="">PLG_JOOMSHOPPING_SOCIAL_SHARE_GOOGLE_PLUSONE_STANDARD</option>
                   <option value="tall">PLG_JOOMSHOPPING_SOCIAL_SHARE_GOOGLE_PLUSONE_TALL</option>
                </field>
                <field name="plusAnnotation" type="list" default="medium" label="PLG_JOOMSHOPPING_SOCIAL_SHARE_GOOGLE_PLUSONE_ANNOTATION" description="PLG_JOOMSHOPPING_SOCIAL_SHARE_GOOGLE_PLUSONE_ANNOTATION_DESC" >
                   <option value="inline">PLG_JOOMSHOPPING_SOCIAL_SHARE_GOOGLE_PLUSONE_INLINE</option>
                   <option value="bubble">PLG_JOOMSHOPPING_SOCIAL_SHARE_GOOGLE_PLUSONE_BUBBLE</option>
                   <option value="none">PLG_JOOMSHOPPING_SOCIAL_SHARE_GOOGLE_PLUSONE_NONE</option>
                </field>
                <field name="plusLocale" type="list" default="en" label="PLG_JOOMSHOPPING_SOCIAL_SHARE_GOOGLE_PLUSONE_LANGUAGE" description="PLG_JOOMSHOPPING_SOCIAL_SHARE_GOOGLE_PLUSONE_LANGUAGE_DESC" >
                    <option value="ar">Arabic</option>
                    <option value="bn">Bengali</option>
                    <option value="bg">Bulgarian</option>
                    <option value="ca">Catalan</option>
                    <option value="zh">Chinese</option>
                    <option value="zh_CN">Chinese (China)</option>
                    <option value="zh_HK">Chinese (Hong Kong)</option>
                    <option value="zh_TW">Chinese (Taiwan)</option>
                    <option value="hr">Croatian</option>
                    <option value="cs">Czech</option>
                    <option value="da">Danish</option>
                    <option value="nl">Dutch</option>
                    <option value="en">English</option>
                    <option value="en_IN">English (India)</option>
                    <option value="en_IE">English (Ireland)</option>
                    <option value="en_SG">English (Singapore)</option>
                    <option value="en_ZA">English (South Africa)</option>
                    <option value="en_GB">English (United Kingdom)</option>
                    <option value="fil">Filipino</option>
                    <option value="fi">Finnish</option>
                    <option value="fr">French</option>
                    <option value="de">German</option>
                    <option value="de_CH">German (Switzerland)</option>
                    <option value="el">Greek</option>
                    <option value="gu">Gujarati</option>
                    <option value="iw">Hebrew</option>
                    <option value="hi">Hindi</option>
                    <option value="hu">Hungarian</option>
                    <option value="in">Indonesian</option>
                    <option value="it">Italian</option>
                    <option value="ja">Japanese</option>
                    <option value="kn">Kannada</option>
                    <option value="ko">Korean</option>
                    <option value="lv">Latvian</option>
                    <option value="ln">Lingala</option>
                    <option value="lt">Lithuanian</option>
                    <option value="ms">Malay</option>
                    <option value="ml">Malayalam</option>
                    <option value="mr">Marathi</option>
                    <option value="no">Norwegian</option>
                    <option value="or">Oriya</option>
                    <option value="fa">Persian</option>
                    <option value="pl">Polish</option>
                    <option value="pt_BR">Portuguese (Brazil)</option>
                    <option value="pt_PT">Portuguese (Portugal)</option>
                    <option value="ro">Romanian</option>
                    <option value="ru">Russian</option>
                    <option value="sr">Serbian</option>
                    <option value="sk">Slovak</option>
                    <option value="sl">Slovenian</option>
                    <option value="es">Spanish</option>
                    <option value="sv">Swedish</option>
                    <option value="gsw">Swiss German</option>
                    <option value="ta">Tamil</option>
                    <option value="te">Telugu</option>
                    <option value="th">Thai</option>
                    <option value="tr">Turkish</option>
                    <option value="uk">Ukrainian</option>
                    <option value="vi">Vietnamese</option>
                </field>
                
                <field name="vkButtonSpacer" type="spacer" class="text" label="PLG_JOOMSHOPPING_SOCIAL_SHARE_VK_TITLE" />
                <field name="vkShareStyle" type="list" default="round" label="PLG_JOOMSHOPPING_SOCIAL_VK_SHARE_STYLE" description="PLG_JOOMSHOPPING_SOCIAL_VK_SHARE_STYLE_DESC" >
                    <option value="round">Button</option>
                    <option value="round_nocount">Button without a Counter</option>
                    <option value="link">Link</option>
                    <option value="link_noicon">Link without an Icon</option>
                    <option value="custom">Icon</option>
                </field>
                <field name="vkShareText" type="text" label="PLG_JOOMSHOPPING_SOCIAL_VK_SHARE_TEXT" description="PLG_JOOMSHOPPING_SOCIAL_VK_SHARE_STYLE_DESC" default="Share"></field>
                <field name="vkShareLogoVersion" type="list" default="russian" label="PLG_JOOMSHOPPING_SOCIAL_VK_SHARE_LOGO_VERSION" description="PLG_JOOMSHOPPING_SOCIAL_VK_SHARE_LOGO_VERSION_DESC" >
                    <option value="russian">Russian</option>
                    <option value="eng">English</option>
                </field>
            </fieldset>
    </fields>    
    </config>
</extension>